job_id,found_at,published_date,deadline_date,age_days,job_title,company,company_tier,category,work_mode,location,source_url,flyer_image_urls,source_domain,application_method,recipient_email,prospect_score,score_reason,candidate_headline,ai_project_note,subject,body,flyer_summary,status,sent_at,send_error,notes
3c9e89107ec35f6e37de,2026-10-06T04:55:14.662398+07:00,2026-10-06,,0,Lowongan Kerja Digital Marketing Hancook Restaurant Bandung ...,bidang digital marketing. Yuk,famous,marketing,unspecified,Bandung,https://www.iaula.id/digital-marketing-hancook-restaurant-bandung/,,iaula.id,PORTAL/ATS,,70,freshness +40; marketing +20; perusahaan terkenal +10,Leader | Mentor | Marketing Officer | Data Analyst | Digital Marketing | Promotion | Influencer,"Saat ini saya juga mengembangkan project Agent Agency AI untuk membantu pekerjaan menjadi lebih mudah, terstruktur, dan efisien.",Lamaran Digital Marketing | Reynaldi Kurnia Sonjaya | WA 6287813871926,"Yth. Tim Rekrutmen Hancook Restaurant, perkenalkan nama saya Reynaldi Kurnia Sonjaya. Saya tertarik melamar posisi Digital Marketing di Hancook Restaurant sebagaimana diinformasikan melalui portal lowongan kerja. Dengan pengalaman lebih dari 3 tahun dalam mengelola strategi pemasaran digital, manajemen konten, serta kolaborasi KOL untuk berbagai brand, saya yakin dapat memberikan kontribusi positif bagi pertumbuhan Hancook Restaurant di Bandung. Saat ini, saya juga sedang mengembangkan project Agent Agency AI untuk membantu alur kerja pemasaran menjadi lebih terstruktur dan efisien. CV saya terlampir untuk Bapak/Ibu tinjau. Saya sangat berharap dapat mendiskusikan kualifikasi saya lebih lanjut dalam sesi wawancara. Saya dapat dihubungi melalui WhatsApp di 6287813871926. Terima kasih atas waktu dan pertimbangan Bapak/Ibu.",,WATCHLIST,,,"query=""Bandung"" lowongan ""digital marketing"" gmail"
7e9960925d746626ff29,2026-10-06T04:55:15.410132+07:00,2026-10-06,,0,"Staf Logistik PT Lazuardo Vittorio Indonesia, Bandung",yang bergerak di bidang logistik dan distribusi,famous,marketing,unspecified,Bandung,https://www.iaula.id/staf-logistik-pt-lazuardo-vittorio-indonesia-bandung/,,iaula.id,PORTAL/ATS,,70,freshness +40; marketing +20; perusahaan terkenal +10,Leader | Mentor | Marketing Officer | Data Analyst | Digital Marketing | Promotion | Influencer,"Saat ini saya juga mengembangkan project Agent Agency AI untuk membantu pekerjaan menjadi lebih mudah, terstruktur, dan efisien.",Lamaran Staf Logistik | Reynaldi Kurnia Sonjaya | WA 6287813871926,"Yth. HRD PT Lazuardo Vittorio Indonesia, perkenalkan nama saya Reynaldi Kurnia Sonjaya. Melalui email ini, saya bermaksud melamar posisi Staf Logistik di PT Lazuardo Vittorio Indonesia. Dengan pengalaman saya dalam manajemen operasional, koordinasi tim, dan analisis data, saya yakin dapat memberikan kontribusi positif bagi efisiensi distribusi perusahaan. Saat ini, saya juga sedang mengembangkan project Agent Agency AI untuk membantu pekerjaan menjadi lebih terstruktur dan efisien. Bersama email ini, saya lampirkan CV untuk Bapak/Ibu tinjau. Saya sangat berharap dapat mendiskusikan kualifikasi saya lebih lanjut dalam sesi wawancara. Jika Bapak/Ibu memerlukan informasi tambahan, silakan hubungi saya melalui WhatsApp di 6287813871926. Terima kasih atas waktu dan pertimbangan Bapak/Ibu.",,WATCHLIST,,,"query=""Bandung"" lowongan purchasing gmail"
587378e940c2a9dc4024,2026-10-06T04:55:16.074182+07:00,2026-10-06,,0,Lowongan Kerja Staff Legal PT Indonesia Bakery Family ...,yang telah lama dikenal dengan produk-produk berkualitasnya,famous,marketing,kontrak,Bandung,https://www.iaula.id/staff-legal-pt-indonesia-bakery-family-bandung/,,iaula.id,PORTAL/ATS,,70,freshness +40; marketing +20; perusahaan terkenal +10,Leader | Mentor | Marketing Officer | Data Analyst | Digital Marketing | Promotion | Influencer,"Saat ini saya juga mengembangkan project Agent Agency AI untuk membantu pekerjaan menjadi lebih mudah, terstruktur, dan efisien.",,,,BARU,,,"query=""Bandung"" lowongan legal gmail"
0a132b48f6d457ba6212,2026-10-06T04:55:16.538926+07:00,2026-10-06,,0,Lowongan Kerja Customer Service PT Bugar Jaya Sentosa Bandung ...,dunia kebugaran. Lowongan Kerja Customer Service PT,famous,marketing,full-time,Bandung,https://www.iaula.id/customer-service-pt-bugar-jaya-sentosa-bandung/,,iaula.id,PORTAL/ATS,,70,freshness +40; marketing +20; perusahaan terkenal +10,Leader | Mentor | Marketing Officer | Data Analyst | Digital Marketing | Promotion | Influencer,"Saat ini saya juga mengembangkan project Agent Agency AI untuk membantu pekerjaan menjadi lebih mudah, terstruktur, dan efisien.",Lamaran Customer Service | Reynaldi Kurnia Sonjaya | WA 6287813871926,"Yth. HRD PT Bugar Jaya Sentosa, perkenalkan saya Reynaldi Kurnia Sonjaya. Saya tertarik melamar posisi Customer Service di perusahaan Anda. Dengan pengalaman lebih dari 3 tahun di bidang pemasaran, manajemen tim, dan pelayanan pelanggan, saya terbiasa menangani kebutuhan klien dengan pendekatan yang solutif dan profesional. Saat ini, saya juga sedang mengembangkan project Agent Agency AI untuk membantu mengoptimalkan alur kerja agar lebih terstruktur dan efisien. Saya yakin kemampuan komunikasi dan manajemen operasional saya dapat memberikan kontribusi positif bagi PT Bugar Jaya Sentosa. Bersama email ini, saya lampirkan CV untuk Bapak/Ibu tinjau. Saya dapat dihubungi melalui WhatsApp di 6287813871926 untuk diskusi lebih lanjut. Terima kasih atas waktu dan pertimbangan Anda.",,WATCHLIST,,,"query=""Bandung"" lowongan ""customer service"" gmail"
be8cc61e4a2aed650c68,2026-10-06T04:55:17.020029+07:00,2026-09-24,,11,Lowongan Kerja Customer Service PT BCA Finance Bandung ...,PT BCA Finance Published Date,famous,marketing,unspecified,Bandung,https://www.primbonjk.com/customer-service-pt-bca-finance-bandung/,,primbonjk.com,PORTAL/ATS,,48,freshness +18; marketing +20; perusahaan terkenal +10,Leader | Mentor | Marketing Officer | Data Analyst | Digital Marketing | Promotion | Influencer,"Saat ini saya juga mengembangkan project Agent Agency AI untuk membantu pekerjaan menjadi lebih mudah, terstruktur, dan efisien.",Lamaran Customer Service | Reynaldi Kurnia Sonjaya | WA 6287813871926,"Yth. Bapak/Ibu HRD PT BCA Finance, perkenalkan saya Reynaldi Kurnia Sonjaya. Saya tertarik melamar posisi Customer Service di BCA Finance Bandung sebagaimana diinformasikan melalui portal lowongan kerja. Dengan pengalaman lebih dari 3 tahun di bidang pemasaran, manajemen tim, dan pelayanan pelanggan, saya terbiasa menangani kebutuhan klien dengan profesional dan solutif. Saya juga sedang mengembangkan project Agent Agency AI untuk mendukung efisiensi dan struktur kerja yang lebih baik. CV saya terlampir untuk Bapak/Ibu tinjau. Saya sangat berharap dapat mendiskusikan kualifikasi saya lebih lanjut. Anda dapat menghubungi saya melalui WhatsApp di 6287813871926. Terima kasih atas waktu dan pertimbangan Bapak/Ibu.",,WATCHLIST,,,"query=""Bandung"" lowongan BCA gmail"
ae4a265778b0d501d1b0,2026-10-06T04:55:17.516741+07:00,,,,Sales Advisor Di PT Biensi Fesyenindo (3Second Store),PT Biensi Fesyenindo,famous,marketing,full time,Bandung,https://carilokercirebon.com/sales-advisor-di-pt-biensi-fesyenindo-3second-store/,,carilokercirebon.com,PORTAL/ATS,,65,deadline aktif +35; marketing +20; perusahaan terkenal +10,Leader | Mentor | Marketing Officer | Data Analyst | Digital Marketing | Promotion | Influencer,"Saat ini saya juga mengembangkan project Agent Agency AI untuk membantu pekerjaan menjadi lebih mudah, terstruktur, dan efisien.",Lamaran Sales Advisor | Reynaldi Kurnia Sonjaya | WA 6287813871926,"Yth. HRD PT Biensi Fesyenindo, perkenalkan nama saya Reynaldi Kurnia Sonjaya. Saya tertarik melamar posisi Sales Advisor di 3Second Store. Dengan pengalaman lebih dari 3 tahun di bidang pemasaran digital, manajemen kampanye, dan operasional ritel, saya yakin dapat memberikan kontribusi positif bagi pertumbuhan brand 3Second. Saat ini, saya juga sedang mengembangkan project Agent Agency AI untuk membantu alur kerja menjadi lebih terstruktur dan efisien. CV saya terlampir untuk Bapak/Ibu tinjau. Saya sangat berharap dapat mendiskusikan kualifikasi saya lebih lanjut. Anda dapat menghubungi saya melalui WhatsApp di 6287813871926. Terima kasih atas waktu dan pertimbangannya.",,WATCHLIST,,,"query=""Bandung"" lowongan ""Dale Carnegie"" gmail"
861ddc25d314784e3cd8,2026-10-06T04:55:17.938397+07:00,2026-10-01,,4,"BRI Peduli Sahabat Disabilitas Kembali Digelar, Perluas ...",berbagai wilayah di Indonesia. BRI Peduli Sahabat,famous,marketing,magang,Bandung,https://www.radarbandung.id/2026/10/01/bri-peduli-sahabat-disabilitas-kembali-digelar-perluas-kesempatan-kerja-inklusif/,,radarbandung.id,PORTAL/ATS,,62,freshness +32; marketing +20; perusahaan terkenal +10,Leader | Mentor | Marketing Officer | Data Analyst | Digital Marketing | Promotion | Influencer,"Saat ini saya juga mengembangkan project Agent Agency AI untuk membantu pekerjaan menjadi lebih mudah, terstruktur, dan efisien.",,,,BARU,,,"query=""Bandung"" lowongan BRI"
4dd2c786bb8359ddbe7a,2026-10-06T06:24:54.760954+07:00,2026-10-05,,0,Lowongan Kerja,Misi Seru UNDUH APP KITALULUS Masuk Daftar,standard,marketing,freelance,Bandung,https://www.kitalulus.com/lowongan,https://www.kitalulus.com/kitalulus-logo.svg,kitalulus.com,FLYER/PORTAL,,75,freshness +40; marketing +20; sumber job market +5; flyer terdeteksi +10,Leader | Mentor | Marketing Officer | Data Analyst | Digital Marketing | Promotion | Influencer,"Saat ini saya juga mengembangkan project Agent Agency AI untuk membantu pekerjaan menjadi lebih mudah, terstruktur, dan efisien.",,,,BARU,,,direct_platform
491e1780af4ef890d25b,2026-10-06T06:24:55.373905+07:00,2026-10-05,,0,"Project Freelance Admin Remote dengan Komisi Hingga Rp35.000 - WAF Misi Seru KitaLulus Dipromosikan Kota Bandung, Jawa Barat Minimal SMA/SMK/Sederajat Dapat Dinegosiasikan Terakhir",Misi Seru KitaLulus area Kota Bandung,standard,back_office,remote,Bandung,https://www.kitalulus.com/lowongan/detail/bd-freelance-buzzer-aplikasi-dapatkan-reward-hingg-ssxv,https://kitalulus.com/images/vacancy/job-posting-image.webp | https://www.kitalulus.com/kitalulus-logo.svg,kitalulus.com,FLYER/PORTAL,,73,freshness +40; back office +18; sumber job market +5; flyer terdeteksi +10,Leader | Mentor | Marketing Officer | Data Analyst | Digital Marketing | Promotion | Influencer,"Saat ini saya juga mengembangkan project Agent Agency AI untuk membantu pekerjaan menjadi lebih mudah, terstruktur, dan efisien.",,,,BARU,,,direct_platform
573dd39e69fea1489422,2026-10-06T06:24:56.033273+07:00,2026-10-02,,3,"Promotor Mobile Sales Bandung PT XLSMART Telecom Sejahtera Tbk Dipromosikan Kota Bandung, Jawa Barat Minimal SMA/SMK/Sederajat Rp 3.800.000 - Rp 6.000.000 Terakhir diperbarui 3 har",PT XLSMART Telecom Sejahtera Tbk area Kota,standard,marketing,full-time,Bandung,https://www.kitalulus.com/lowongan/detail/promotor-mobile-sales-bandung-ldib,https://kitalulus.com/images/vacancy/job-posting-image.webp | https://www.kitalulus.com/kitalulus-logo.svg,kitalulus.com,FLYER/PORTAL,,69,freshness +34; marketing +20; sumber job market +5; flyer terdeteksi +10,Leader | Mentor | Marketing Officer | Data Analyst | Digital Marketing | Promotion | Influencer,"Saat ini saya juga mengembangkan project Agent Agency AI untuk membantu pekerjaan menjadi lebih mudah, terstruktur, dan efisien.",,,,BARU,,,direct_platform
87feb89ad536949ec34a,2026-10-06T06:24:56.519383+07:00,2026-10-01,,4,"Sales Mobil Bekas PT Dutagriya Sarana Dipromosikan Kota Bandung, Jawa Barat Minimal SMA/SMK/Sederajat Rp 3.972.202 - Rp 4.000.000 Terakhir diperbarui 4 hari yang lalu",PT Dutagriya Sarana area Kota Bandung,standard,back_office,kontrak,Bandung,https://www.kitalulus.com/lowongan/detail/sales-mobil-bekas-imcv,https://kitalulus.com/images/vacancy/job-posting-image.webp | https://www.kitalulus.com/kitalulus-logo.svg,kitalulus.com,FLYER/PORTAL,,65,freshness +32; back office +18; sumber job market +5; flyer terdeteksi +10,Leader | Mentor | Marketing Officer | Data Analyst | Digital Marketing | Promotion | Influencer,"Saat ini saya juga mengembangkan project Agent Agency AI untuk membantu pekerjaan menjadi lebih mudah, terstruktur, dan efisien.",,,,BARU,,,direct_platform
9bd6c9726a1d65842c0e,2026-10-06T06:24:56.918867+07:00,2026-09-30,,5,"Sales Advisor Bandung PT Ivan Cipta Mukti Perkasa Dipromosikan Kota Bandung, Jawa Barat Minimal SMA/SMK/Sederajat Rp 4.700.000 - Rp 4.750.000 Terakhir diperbarui 5 hari yang lalu",PT Ivan Cipta Mukti Perkasa area Kota,standard,marketing,full-time,Bandung,https://www.kitalulus.com/lowongan/detail/sales-advisor-bandung-dv29,https://kitalulus.com/images/vacancy/job-posting-image.webp | https://www.kitalulus.com/kitalulus-logo.svg,kitalulus.com,FLYER/PORTAL,,65,freshness +30; marketing +20; sumber job market +5; flyer terdeteksi +10,Leader | Mentor | Marketing Officer | Data Analyst | Digital Marketing | Promotion | Influencer,"Saat ini saya juga mengembangkan project Agent Agency AI untuk membantu pekerjaan menjadi lebih mudah, terstruktur, dan efisien.",,,,BARU,,,direct_platform
1c7aa1e5cf858c8cbf12,2026-10-06T06:24:57.299690+07:00,2026-10-05,,0,"Sales B2B / Sales Food Service PT Mitra Berkat Abadi Kota Bandung, Jawa Barat Minimal SMA/SMK/Sederajat Rp 9.000.000 - Rp 10.000.000 Terakhir diperbarui hari ini",PT Mitra Berkat Abadi area Kota Bandung,standard,back_office,kontrak,Bandung,https://www.kitalulus.com/lowongan/detail/sales-b2b-sales-food-service-onqh,https://kitalulus.com/images/vacancy/job-posting-image.webp | https://www.kitalulus.com/kitalulus-logo.svg,kitalulus.com,FLYER/PORTAL,,73,freshness +40; back office +18; sumber job market +5; flyer terdeteksi +10,Leader | Mentor | Marketing Officer | Data Analyst | Digital Marketing | Promotion | Influencer,"Saat ini saya juga mengembangkan project Agent Agency AI untuk membantu pekerjaan menjadi lebih mudah, terstruktur, dan efisien.",,,,BARU,,,direct_platform
91d741bef5de99f5591e,2026-10-06T06:24:57.738305+07:00,2026-10-05,,0,"AEON Fast Agent (Sales Promotor) Bandung AEON Credit Service Indonesia Kota Bandung, Jawa Barat Minimal SMA/SMK/Sederajat Rp 3.000.000 - Rp 3.500.000 Terakhir diperbarui hari ini",AEON Credit Service Indonesia area Kota Bandung,standard,marketing,kontrak,Bandung,https://www.kitalulus.com/lowongan/detail/aeon-fast-agent-sales-promotor-bandung-9omt,https://kitalulus.com/images/vacancy/job-posting-image.webp | https://www.kitalulus.com/kitalulus-logo.svg,kitalulus.com,FLYER/PORTAL,,75,freshness +40; marketing +20; sumber job market +5; flyer terdeteksi +10,Leader | Mentor | Marketing Officer | Data Analyst | Digital Marketing | Promotion | Influencer,"Saat ini saya juga mengembangkan project Agent Agency AI untuk membantu pekerjaan menjadi lebih mudah, terstruktur, dan efisien.",,,,BARU,,,direct_platform
783f000d206fb849b0d2,2026-10-06T06:24:58.038241+07:00,2026-10-05,,0,"Sales Counter Kayoman Group Kota Bandung, Jawa Barat Minimal SMA/SMK/Sederajat Rp 1.650.000 - Rp 1.750.000 Terakhir diperbarui hari ini",Kayoman Group area Kota Bandung,standard,marketing,full-time,Bandung,https://www.kitalulus.com/lowongan/detail/sales-counter-iran,https://kitalulus.com/images/vacancy/job-posting-image.webp | https://www.kitalulus.com/kitalulus-logo.svg,kitalulus.com,FLYER/PORTAL,,75,freshness +40; marketing +20; sumber job market +5; flyer terdeteksi +10,Leader | Mentor | Marketing Officer | Data Analyst | Digital Marketing | Promotion | Influencer,"Saat ini saya juga mengembangkan project Agent Agency AI untuk membantu pekerjaan menjadi lebih mudah, terstruktur, dan efisien.",,,,BARU,,,direct_platform
38788d628c33529bfbfb,2026-10-06T06:24:58.366026+07:00,2026-10-05,,0,"Admin Outlet Wheels Coffee Roaster Kota Bandung, Jawa Barat Minimal SMA/SMK/Sederajat Dapat Dinegosiasikan Terakhir diperbarui hari ini",Wheels Coffee Roaster area Kota Bandung,standard,back_office,kontrak,Bandung,https://www.kitalulus.com/lowongan/detail/admin-outlet-atcc,https://kitalulus.com/images/vacancy/job-posting-image.webp | https://www.kitalulus.com/kitalulus-logo.svg,kitalulus.com,FLYER/PORTAL,,73,freshness +40; back office +18; sumber job market +5; flyer terdeteksi +10,Leader | Mentor | Marketing Officer | Data Analyst | Digital Marketing | Promotion | Influencer,"Saat ini saya juga mengembangkan project Agent Agency AI untuk membantu pekerjaan menjadi lebih mudah, terstruktur, dan efisien.",,,,BARU,,,direct_platform
46721f25e1eea9569c3a,2026-10-06T06:24:58.681397+07:00,2026-10-05,,0,"Shop Assistant Flora Dera Kota Bandung, Jawa Barat Minimal S1 Dapat Dinegosiasikan Terakhir diperbarui hari ini",Flora Dera area Kota Bandung,standard,marketing,full-time,Bandung,https://www.kitalulus.com/lowongan/detail/shop-assistant-df8k,https://kitalulus.com/images/vacancy/job-posting-image.webp | https://www.kitalulus.com/kitalulus-logo.svg,kitalulus.com,FLYER/PORTAL,,75,freshness +40; marketing +20; sumber job market +5; flyer terdeteksi +10,Leader | Mentor | Marketing Officer | Data Analyst | Digital Marketing | Promotion | Influencer,"Saat ini saya juga mengembangkan project Agent Agency AI untuk membantu pekerjaan menjadi lebih mudah, terstruktur, dan efisien.",,,,BARU,,,direct_platform
26c07ea9aca943a89b6d,2026-10-06T06:24:58.972956+07:00,2026-10-04,,1,"FB Sales Intercontinental Bandung Dago Kota Bandung, Jawa Barat Minimal SMA/SMK/Sederajat Dapat Dinegosiasikan Terakhir diperbarui 1 hari yang lalu",Intercontinental Bandung Dago area Kota Bandung,standard,marketing,full-time,Bandung,https://www.kitalulus.com/lowongan/detail/fb-sales-vobi,https://kitalulus.com/images/vacancy/job-posting-image.webp | https://www.kitalulus.com/kitalulus-logo.svg,kitalulus.com,FLYER/PORTAL,,73,freshness +38; marketing +20; sumber job market +5; flyer terdeteksi +10,Leader | Mentor | Marketing Officer | Data Analyst | Digital Marketing | Promotion | Influencer,"Saat ini saya juga mengembangkan project Agent Agency AI untuk membantu pekerjaan menjadi lebih mudah, terstruktur, dan efisien.",,,,BARU,,,direct_platform
998d2809b6db886390b3,2026-10-06T06:24:59.313220+07:00,2026-10-04,,1,"Content Creator & Desain Grafis Home Wedding Organizer Kota Bandung, Jawa Barat Minimal SMA/SMK/Sederajat Dapat Dinegosiasikan Terakhir diperbarui 1 hari yang lalu",Home Wedding Organizer area Kota Bandung,standard,marketing,freelance,Bandung,https://www.kitalulus.com/lowongan/detail/content-creator-desain-grafis-bzbg,https://kitalulus.com/images/vacancy/job-posting-image.webp | https://www.kitalulus.com/kitalulus-logo.svg,kitalulus.com,FLYER/PORTAL,,73,freshness +38; marketing +20; sumber job market +5; flyer terdeteksi +10,Leader | Mentor | Marketing Officer | Data Analyst | Digital Marketing | Promotion | Influencer,"Saat ini saya juga mengembangkan project Agent Agency AI untuk membantu pekerjaan menjadi lebih mudah, terstruktur, dan efisien.",,,,BARU,,,direct_platform
ca3558db967fa2fc2509,2026-10-06T06:24:59.688186+07:00,2026-10-02,,3,"Guest Relation Officer Dakoffee Coffee & Bistro Kota Bandung, Jawa Barat Minimal SMA/SMK/Sederajat Dapat Dinegosiasikan Terakhir diperbarui 3 hari yang lalu",Dakoffee Coffee,standard,marketing,full-time,Bandung,https://www.kitalulus.com/lowongan/detail/guest-relation-officer-2tir,https://kitalulus.com/images/vacancy/job-posting-image.webp | https://www.kitalulus.com/kitalulus-logo.svg,kitalulus.com,FLYER/PORTAL,,69,freshness +34; marketing +20; sumber job market +5; flyer terdeteksi +10,Leader | Mentor | Marketing Officer | Data Analyst | Digital Marketing | Promotion | Influencer,"Saat ini saya juga mengembangkan project Agent Agency AI untuk membantu pekerjaan menjadi lebih mudah, terstruktur, dan efisien.",,,,BARU,,,direct_platform
52d1cbf7f8b5a8b6bf15,2026-10-06T06:24:59.993722+07:00,2026-10-02,,3,"Customer Service Shunda Jabar Kota Bandung, Jawa Barat Minimal SMA/SMK/Sederajat Dapat Dinegosiasikan Terakhir diperbarui 3 hari yang lalu",Shunda Jabar area Kota Bandung,standard,back_office,full-time,Bandung,https://www.kitalulus.com/lowongan/detail/customer-service-n6e2,https://kitalulus.com/images/vacancy/job-posting-image.webp | https://www.kitalulus.com/kitalulus-logo.svg,kitalulus.com,FLYER/PORTAL,,67,freshness +34; back office +18; sumber job market +5; flyer terdeteksi +10,Leader | Mentor | Marketing Officer | Data Analyst | Digital Marketing | Promotion | Influencer,"Saat ini saya juga mengembangkan project Agent Agency AI untuk membantu pekerjaan menjadi lebih mudah, terstruktur, dan efisien.",,,,BARU,,,direct_platform
129bf433f9b64f08f971,2026-10-06T06:37:17.998343+07:00,2026-10-05,,0,"Asst. Sales Manager - JSO The Trans Luxury Hotel Kota Bandung, Jawa Barat Minimal SMA/SMK/Sederajat Dapat Dinegosiasikan Terakhir diperbarui 0 hari yang lalu",The Trans Luxury Hotel area Kota Bandung,standard,marketing,full-time,Bandung,https://www.kitalulus.com/lowongan/detail/asst-sales-manager-jso-qyge,https://kitalulus.com/images/vacancy/job-posting-image.webp,kitalulus.com,FLYER/PORTAL,,75,freshness +40; marketing +20; sumber job market +5; flyer terdeteksi +10,Leader | Mentor | Marketing Officer | Data Analyst | Digital Marketing | Promotion | Influencer,"Saat ini saya juga mengembangkan project Agent Agency AI untuk membantu pekerjaan menjadi lebih mudah, terstruktur, dan efisien.",,,,BARU,,,direct_platform
d4fd3164f8c640ddfe0f,2026-10-06T06:37:17.998387+07:00,2026-09-29,,6,"F&B GUEST RELATIONS OFFICER Padma Hotel Bandung Kota Bandung, Jawa Barat Minimal D3/D4 Dapat Dinegosiasikan Terakhir diperbarui 6 hari yang lalu",Padma Hotel Bandung area Kota Bandung,standard,marketing,full-time,Bandung,https://www.kitalulus.com/lowongan/detail/fb-guest-relations-officer-tsdo,https://kitalulus.com/images/vacancy/job-posting-image.webp,kitalulus.com,FLYER/PORTAL,,63,freshness +28; marketing +20; sumber job market +5; flyer terdeteksi +10,Leader | Mentor | Marketing Officer | Data Analyst | Digital Marketing | Promotion | Influencer,"Saat ini saya juga mengembangkan project Agent Agency AI untuk membantu pekerjaan menjadi lebih mudah, terstruktur, dan efisien.",,,,BARU,,,direct_platform
edd3186ec900db47a2da,2026-10-06T06:37:17.998396+07:00,2026-09-25,,10,"Marcom Officer Moritz Smart Bandung Kota Bandung, Jawa Barat Minimal SMA/SMK/Sederajat Dapat Dinegosiasikan Terakhir diperbarui pada 25 Sep 2026",Moritz Smart Bandung area Kota Bandung,standard,marketing,full-time,Bandung,https://www.kitalulus.com/lowongan/detail/marcom-officer-agwt,https://kitalulus.com/images/vacancy/job-posting-image.webp,kitalulus.com,FLYER/PORTAL,,55,freshness +20; marketing +20; sumber job market +5; flyer terdeteksi +10,Leader | Mentor | Marketing Officer | Data Analyst | Digital Marketing | Promotion | Influencer,"Saat ini saya juga mengembangkan project Agent Agency AI untuk membantu pekerjaan menjadi lebih mudah, terstruktur, dan efisien.",,,,BARU,,,direct_platform
51d7f2b3c1bdb3f7b2ef,2026-10-06T06:37:17.998403+07:00,2026-09-24,,11,"Asst. FB Manager Belviu Hotel Bandung Kota Bandung, Jawa Barat Minimal SMA/SMK/Sederajat Dapat Dinegosiasikan Terakhir diperbarui pada 24 Sep 2026",Belviu Hotel Bandung area Kota Bandung,standard,marketing,full-time,Bandung,https://www.kitalulus.com/lowongan/detail/asst-fb-manager-uhcm,https://kitalulus.com/images/vacancy/job-posting-image.webp,kitalulus.com,FLYER/PORTAL,,53,freshness +18; marketing +20; sumber job market +5; flyer terdeteksi +10,Leader | Mentor | Marketing Officer | Data Analyst | Digital Marketing | Promotion | Influencer,"Saat ini saya juga mengembangkan project Agent Agency AI untuk membantu pekerjaan menjadi lebih mudah, terstruktur, dan efisien.",,,,BARU,,,direct_platform
e4bdfe7c8f03a42f1113,2026-10-06T06:37:17.998410+07:00,2026-09-24,,11,"Sales (All Position) Belviu Hotel Bandung Kota Bandung, Jawa Barat Minimal SMA/SMK/Sederajat Dapat Dinegosiasikan Terakhir diperbarui pada 24 Sep 2026",Belviu Hotel Bandung area Kota Bandung,standard,marketing,full-time,Bandung,https://www.kitalulus.com/lowongan/detail/sales-all-position-yr4p,https://kitalulus.com/images/vacancy/job-posting-image.webp,kitalulus.com,FLYER/PORTAL,,53,freshness +18; marketing +20; sumber job market +5; flyer terdeteksi +10,Leader | Mentor | Marketing Officer | Data Analyst | Digital Marketing | Promotion | Influencer,"Saat ini saya juga mengembangkan project Agent Agency AI untuk membantu pekerjaan menjadi lebih mudah, terstruktur, dan efisien.",,,,BARU,,,direct_platform
f3d782a791e87f4c34c2,2026-10-06T06:37:17.998415+07:00,2026-10-05,,0,"CONTENT CREATOR The Jayakarta Suites Bandung Kabupaten Bandung, Jawa Barat Semua jenjang Dapat Dinegosiasikan Terakhir diperbarui hari ini",The Jayakarta Suites Bandung area Kabupaten Bandung,standard,marketing,freelance,Bandung,https://www.kitalulus.com/lowongan/detail/content-creator-sn8b,https://kitalulus.com/images/vacancy/job-posting-image.webp,kitalulus.com,FLYER/PORTAL,,75,freshness +40; marketing +20; sumber job market +5; flyer terdeteksi +10,Leader | Mentor | Marketing Officer | Data Analyst | Digital Marketing | Promotion | Influencer,"Saat ini saya juga mengembangkan project Agent Agency AI untuk membantu pekerjaan menjadi lebih mudah, terstruktur, dan efisien.",,,,BARU,,,direct_platform
08be655d9566ef2b6330,2026-10-06T06:37:17.998421+07:00,2026-10-02,,3,"Staff Kemahasiswaan UNIVERSITAS HALIM SANUSI BANDUNG Kota Bandung, Jawa Barat Minimal SMA/SMK/Sederajat Dapat Dinegosiasikan Terakhir diperbarui 3 hari yang lalu",UNIVERSITAS HALIM SANUSI BANDUNG area Kota Bandung,standard,marketing,full-time,Bandung,https://www.kitalulus.com/lowongan/detail/staff-kemahasiswaan-bpvk,https://kitalulus.com/images/vacancy/job-posting-image.webp,kitalulus.com,FLYER/PORTAL,,69,freshness +34; marketing +20; sumber job market +5; flyer terdeteksi +10,Leader | Mentor | Marketing Officer | Data Analyst | Digital Marketing | Promotion | Influencer,"Saat ini saya juga mengembangkan project Agent Agency AI untuk membantu pekerjaan menjadi lebih mudah, terstruktur, dan efisien.",,,,BARU,,,direct_platform
946c3981f47736fa668d,2026-10-06T06:37:17.998426+07:00,2026-10-01,,4,"Marcomm & Content Creator West Point Hotel Bandung Kota Bandung, Jawa Barat Minimal S1 Dapat Dinegosiasikan Terakhir diperbarui 4 hari yang lalu",West Point Hotel Bandung area Kota Bandung,standard,marketing,full-time,Bandung,https://www.kitalulus.com/lowongan/detail/marcomm-content-creator-xv4m,https://kitalulus.com/images/vacancy/job-posting-image.webp,kitalulus.com,FLYER/PORTAL,,67,freshness +32; marketing +20; sumber job market +5; flyer terdeteksi +10,Leader | Mentor | Marketing Officer | Data Analyst | Digital Marketing | Promotion | Influencer,"Saat ini saya juga mengembangkan project Agent Agency AI untuk membantu pekerjaan menjadi lebih mudah, terstruktur, dan efisien.",,,,BARU,,,direct_platform
99fed42bbb27f8b76d98,2026-10-06T11:22:59.511375+07:00,2026-10-06,,0,"Asst. Human Resources Manager The Trans Luxury Hotel Kota Bandung, Jawa Barat Minimal SMA/SMK/Sederajat Dapat Dinegosiasikan Terakhir diperbarui hari ini",The Trans Luxury Hotel area Kota Bandung,standard,back_office,full-time,Bandung,https://www.kitalulus.com/lowongan/detail/asst-human-resources-manager-0wim,https://kitalulus.com/images/vacancy/job-posting-image.webp,kitalulus.com,FLYER/PORTAL,,73,freshness +40; back office +18; sumber job market +5; flyer terdeteksi +10,Leader | Mentor | Marketing Officer | Data Analyst | Digital Marketing | Promotion | Influencer,"Saat ini saya juga mengembangkan project Agent Agency AI untuk membantu pekerjaan menjadi lebih mudah, terstruktur, dan efisien.",,,,BARU,,,direct_platform
22d100c0d1281b762fd3,2026-10-06T11:22:59.511414+07:00,2026-10-02,,4,"SALES Porcafe Bandung Kota Bandung, Jawa Barat Minimal SMA/SMK/Sederajat Dapat Dinegosiasikan Terakhir diperbarui 4 hari yang lalu",Porcafe Bandung area Kota Bandung,standard,back_office,full-time,Bandung,https://www.kitalulus.com/lowongan/detail/sales-clme,https://kitalulus.com/images/vacancy/job-posting-image.webp,kitalulus.com,FLYER/PORTAL,,65,freshness +32; back office +18; sumber job market +5; flyer terdeteksi +10,Leader | Mentor | Marketing Officer | Data Analyst | Digital Marketing | Promotion | Influencer,"Saat ini saya juga mengembangkan project Agent Agency AI untuk membantu pekerjaan menjadi lebih mudah, terstruktur, dan efisien.",,,,BARU,,,direct_platform
13fd8f7ec09a0a175409,2026-10-06T11:22:59.511430+07:00,2026-10-06,,0,"Admin & Sales Luxury Laptop Bandung Kota Bandung, Jawa Barat Minimal SMA/SMK/Sederajat Dapat Dinegosiasikan Terakhir diperbarui hari ini",Luxury Laptop Bandung area Kota Bandung,standard,back_office,full-time,Bandung,https://www.kitalulus.com/lowongan/detail/admin-sales-ecfz,https://kitalulus.com/images/vacancy/job-posting-image.webp,kitalulus.com,FLYER/PORTAL,,73,freshness +40; back office +18; sumber job market +5; flyer terdeteksi +10,Leader | Mentor | Marketing Officer | Data Analyst | Digital Marketing | Promotion | Influencer,"Saat ini saya juga mengembangkan project Agent Agency AI untuk membantu pekerjaan menjadi lebih mudah, terstruktur, dan efisien.",,,,BARU,,,direct_platform
e5543cde1729845cd55e,2026-10-06T14:23:17.630593+07:00,2026-10-06,,0,"General Affair and Finance Staff PT Menara Fatih Indonesia Kota Bandung, Jawa Barat Minimal SMA/SMK/Sederajat Dapat Dinegosiasikan Terakhir diperbarui hari ini",PT Menara Fatih Indonesia area Kota Bandung,standard,back_office,full-time,Bandung,https://www.kitalulus.com/lowongan/detail/general-affair-and-finance-staff-lc8n,https://kitalulus.com/images/vacancy/job-posting-image.webp,kitalulus.com,FLYER/PORTAL,,73,freshness +40; back office +18; sumber job market +5; flyer terdeteksi +10,Leader | Mentor | Marketing Officer | Data Analyst | Digital Marketing | Promotion | Influencer,"Saat ini saya juga mengembangkan project Agent Agency AI untuk membantu pekerjaan menjadi lebih mudah, terstruktur, dan efisien.",,,,BARU,,,direct_platform
677914a040177ed066fa,2026-10-06T14:23:17.630629+07:00,2026-10-06,,0,"Human Resources Manager The Trans Luxury Hotel Kota Bandung, Jawa Barat Minimal SMA/SMK/Sederajat Dapat Dinegosiasikan Terakhir diperbarui hari ini",The Trans Luxury Hotel area Kota Bandung,standard,back_office,full-time,Bandung,https://www.kitalulus.com/lowongan/detail/human-resources-manager-wbzj,https://kitalulus.com/images/vacancy/job-posting-image.webp,kitalulus.com,FLYER/PORTAL,,73,freshness +40; back office +18; sumber job market +5; flyer terdeteksi +10,Leader | Mentor | Marketing Officer | Data Analyst | Digital Marketing | Promotion | Influencer,"Saat ini saya juga mengembangkan project Agent Agency AI untuk membantu pekerjaan menjadi lebih mudah, terstruktur, dan efisien.",,,,BARU,,,direct_platform
dae2b54eb29f11333c00,2026-10-07T05:20:24.175320+07:00,2026-10-06,,0,"Public Area Supervisor The Trans Luxury Hotel Kota Bandung, Jawa Barat Minimal SMA/SMK/Sederajat Dapat Dinegosiasikan Terakhir diperbarui hari ini",The Trans Luxury Hotel area Kota Bandung,standard,marketing,full-time,Bandung,https://www.kitalulus.com/lowongan/detail/public-area-supervisor-w0np,https://kitalulus.com/images/vacancy/job-posting-image.webp,kitalulus.com,FLYER/PORTAL,,75,freshness +40; marketing +20; sumber job market +5; flyer terdeteksi +10,Leader | Mentor | Marketing Officer | Data Analyst | Digital Marketing | Promotion | Influencer,"Saat ini saya juga mengembangkan project Agent Agency AI untuk membantu pekerjaan menjadi lebih mudah, terstruktur, dan efisien.",,,,BARU,,,direct_platform
2cc6e494f96ead9395c1,2026-10-07T05:20:24.175348+07:00,2026-10-06,,0,"Senior Sales Manager - BSO The Trans Luxury Hotel Kota Bandung, Jawa Barat Minimal SMA/SMK/Sederajat Dapat Dinegosiasikan Terakhir diperbarui hari ini",The Trans Luxury Hotel area Kota Bandung,standard,marketing,full-time,Bandung,https://www.kitalulus.com/lowongan/detail/senior-sales-manager-bso-muox,https://kitalulus.com/images/vacancy/job-posting-image.webp,kitalulus.com,FLYER/PORTAL,,75,freshness +40; marketing +20; sumber job market +5; flyer terdeteksi +10,Leader | Mentor | Marketing Officer | Data Analyst | Digital Marketing | Promotion | Influencer,"Saat ini saya juga mengembangkan project Agent Agency AI untuk membantu pekerjaan menjadi lebih mudah, terstruktur, dan efisien.",,,,BARU,,,direct_platform
7d37a3c6d51cde6cff01,2026-10-07T05:20:24.175359+07:00,2026-10-06,,0,"FB Sales Executive The Trans Luxury Hotel Kota Bandung, Jawa Barat Minimal SMA/SMK/Sederajat Dapat Dinegosiasikan Terakhir diperbarui hari ini",The Trans Luxury Hotel area Kota Bandung,standard,marketing,full-time,Bandung,https://www.kitalulus.com/lowongan/detail/fb-sales-executive-eqku,https://kitalulus.com/images/vacancy/job-posting-image.webp,kitalulus.com,FLYER/PORTAL,,75,freshness +40; marketing +20; sumber job market +5; flyer terdeteksi +10,Leader | Mentor | Marketing Officer | Data Analyst | Digital Marketing | Promotion | Influencer,"Saat ini saya juga mengembangkan project Agent Agency AI untuk membantu pekerjaan menjadi lebih mudah, terstruktur, dan efisien.",,,,BARU,,,direct_platform
282d7eb9be9599b6f03f,2026-10-07T08:23:03.903997+07:00,2026-10-07,,0,"Marketing Communication Officer CV Ruang Dan Konsep Kota Bandung, Jawa Barat Minimal S1 Rp 3.800.000 - Rp 4.000.000 Terakhir diperbarui hari ini",CV Ruang Dan Konsep area Kota Bandung,standard,marketing,full-time,Bandung,https://www.kitalulus.com/lowongan/detail/marketing-communication-officer-cfgx,https://kitalulus.com/images/vacancy/job-posting-image.webp,kitalulus.com,FLYER/PORTAL,,75,freshness +40; marketing +20; sumber job market +5; flyer terdeteksi +10,Leader | Mentor | Marketing Officer | Data Analyst | Digital Marketing | Promotion | Influencer,"Saat ini saya juga mengembangkan project Agent Agency AI untuk membantu pekerjaan menjadi lebih mudah, terstruktur, dan efisien.",,,,BARU,,,direct_platform
